blue,130,115,227,228,IMG_0004.jpg,500,500
blue,45,123,96,92,IMG_0005.jpg,500,500
blue,184,201,125,122,IMG_0006.jpg,500,500
blue,176,181,130,127,IMG_0007.jpg,500,500
blue,276,174,135,134,IMG_0008.jpg,500,500
blue,110,184,148,146,IMG_0009.jpg,500,500
blue,192,275,148,149,IMG_0010.jpg,500,500
blue,195,145,87,86,IMG_0011.jpg,500,500
red,127,170,141,139,IMG_0012.jpg,500,500
red,201,192,139,141,IMG_0013.jpg,500,500
red,82,254,127,124,IMG_0014.jpg,500,500
blue,107,90,36,36,IMG_0014.jpg,500,500
red,261,175,89,90,IMG_0015.jpg,500,500
blue,313,0,59,43,IMG_0015.jpg,500,500
red,106,176,120,116,IMG_0016.jpg,500,500
red,184,266,124,127,IMG_0017.jpg,500,500
red,185,227,103,104,IMG_0018.jpg,500,500
red,241,280,94,97,IMG_0019.jpg,500,500
blue,120,46,50,49,IMG_0019.jpg,500,500
blue,26,286,100,96,IMG_0020.jpg,500,500
red,335,266,98,94,IMG_0020.jpg,500,500
red,246,349,122,130,IMG_0021.jpg,500,500
blue,222,169,76,78,IMG_0021.jpg,500,500
red,64,373,114,120,IMG_0022.jpg,500,500
blue,221,321,102,107,IMG_0022.jpg,500,500
red,2,251,167,161,IMG_0023.jpg,500,500
blue,256,193,121,119,IMG_0023.jpg,500,500
red,336,48,63,65,IMG_0024.jpg,500,500
blue,243,373,118,127,IMG_0024.jpg,500,500
blue,217,299,89,93,IMG_0025.jpg,500,500
red,323,161,57,57,IMG_0025.jpg,500,500
blue,38,282,181,178,IMG_0026.jpg,500,500
red,259,98,75,76,IMG_0026.jpg,500,500
blue,213,201,162,160,IMG_0028.jpg,500,500
red,332,101,77,79,IMG_0028.jpg,500,500
blue,44,240,122,119,IMG_0029.jpg,500,500
blue,381,157,110,102,IMG_0030.jpg,500,500
red,445,27,55,81,IMG_0030.jpg,500,500
blue,43,220,118,114,IMG_0031.jpg,500,500
red,155,273,80,81,IMG_0032.jpg,500,500
red,240,134,120,120,IMG_0033.jpg,500,500
red,244,274,198,201,IMG_0034.jpg,500,500
red,228,238,210,213,IMG_0035.jpg,500,500
red,106,137,109,109,IMG_0036.jpg,500,500
blue,192,175,119,122,IMG_0036.jpg,500,500
blue,218,161,185,183,IMG_0038.jpg,500,500
blue,123,128,191,186,IMG_6838.jpg,500,500
blue,152,72,185,187,IMG_6839.jpg,500,500
blue,275,174,18,15,IMG_6840.jpg,500,500
red,58,326,30,24,IMG_6841.jpg,640,640
blue,501,253,14,12,IMG_6841.jpg,640,640
red,55,231,12,10,IMG_6842.jpg,500,500
blue,492,239,8,10,IMG_6842.jpg,500,500
red,37,243,10,8,IMG_6843.jpg,500,500
blue,380,214,14,14,IMG_6844.jpg,500,500
blue,148,223,19,22,IMG_6845.jpg,500,500
red,226,182,9,10,IMG_6845.jpg,500,500
blue,189,223,17,17,IMG_6846.jpg,500,500
red,272,201,12,11,IMG_6846.jpg,500,500
red,218,304,29,28,IMG_6847.jpg,640,640
red,192,220,10,10,IMG_6848.jpg,500,500
red,200,223,10,10,IMG_6849.jpg,500,500
blue,351,267,23,23,IMG_6850.jpg,500,500
blue,204,133,22,21,IMG_6851.jpg,500,500
blue,216,197,74,76,IMG_6852.jpg,500,500
blue,235,225,19,19,IMG_6854.jpg,500,500
blue,173,249,51,48,IMG_6855.jpg,500,500
red,414,220,31,41,IMG_6856.jpg,640,640
red,54,193,22,20,IMG_6857.jpg,500,500
red,24,235,17,16,IMG_6858.jpg,500,500
blue,420,234,16,15,IMG_6858.jpg,500,500
blue,110,175,71,74,IMG_6860.jpg,500,500
red,176,207,93,94,IMG_6862.jpg,500,500
red,136,264,215,217,IMG_6863.jpg,500,500
blue,294,215,16,14,IMG_6864.jpg,500,500
blue,236,227,29,28,IMG_6865.jpg,500,500
blue,125,227,26,30,IMG_6866.jpg,500,500
blue,249,198,20,18,IMG_6867.jpg,500,500
blue,261,107,34,33,IMG_6868.jpg,500,500
blue,339,168,22,22,IMG_6869.jpg,500,500
blue,421,201,41,38,IMG_6870.jpg,500,500
red,268,261,22,20,IMG_6871.jpg,500,500
blue,61,235,11,12,IMG_6871.jpg,500,500
red,264,214,12,11,IMG_6872.jpg,500,500
blue,126,215,16,15,IMG_6872.jpg,500,500
red,66,250,13,14,IMG_6873.jpg,500,500
blue,431,309,36,35,IMG_6873.jpg,500,500
blue,199,163,27,27,IMG_6874.jpg,500,500
red,297,188,12,10,IMG_6875.jpg,500,500
blue,351,207,14,15,IMG_6875.jpg,500,500
red,403,185,14,13,IMG_6876.jpg,500,500
blue,408,205,16,15,IMG_6876.jpg,500,500
blue,108,236,31,31,IMG_6877.jpg,500,500
blue,209,171,36,36,IMG_6879.jpg,500,500
red,73,42,51,54,IMG_6881.jpg,500,500
red,253,122,67,67,IMG_6883.jpg,500,500
red,198,253,21,21,IMG_6886.jpg,500,500
red,426,394,68,68,IMG_6887.jpg,640,640
red,103,249,36,33,IMG_6889.jpg,500,500
red,135,229,32,32,IMG_6893.jpg,500,500
blue,191,288,51,56,IMG_6893.jpg,500,500
red,164,262,36,40,IMG_6894.jpg,500,500
blue,241,271,37,41,IMG_6894.jpg,500,500
red,26,326,81,77,IMG_6895.jpg,500,500
blue,407,204,49,48,IMG_6895.jpg,500,500
red,31,267,116,115,IMG_6896.jpg,500,500
blue,171,96,61,61,IMG_6897.jpg,500,500
blue,158,54,82,88,IMG_6898.jpg,500,500
red,153,359,71,75,IMG_6899.jpg,500,500
blue,222,273,40,42,IMG_6899.jpg,500,500
blue,247,254,41,46,IMG_6900.jpg,500,500
red,248,335,69,70,IMG_6900.jpg,500,500
red,255,286,58,61,IMG_6901.jpg,500,500
blue,163,82,38,37,IMG_6901.jpg,500,500
red,330,258,63,62,IMG_6902.jpg,500,500
blue,358,132,42,41,IMG_6902.jpg,500,500
red,360,187,44,42,IMG_6903.jpg,500,375
blue,397,66,57,53,IMG_6903.jpg,500,375
blue,235,201,17,17,IMG_6904.jpg,500,500
blue,293,209,25,23,IMG_6905.jpg,500,500
blue,366,78,30,28,IMG_6906.jpg,500,500
blue,235,280,34,28,IMG_6907.jpg,500,500
blue,268,84,19,18,IMG_6908.jpg,500,500
blue,265,164,23,19,IMG_6909.jpg,500,500
blue,400,216,36,31,IMG_6910.jpg,500,500
blue,350,247,41,36,IMG_6912.jpg,640,640
blue,395,220,20,19,IMG_6913.jpg,500,500
blue,294,214,27,25,IMG_6915.jpg,500,500
blue,291,183,58,59,IMG_6916.jpg,500,500
blue,332,178,23,23,IMG_6917.jpg,500,375
red,173,154,17,17,IMG_6917.jpg,500,375